Year,Region,R,E_High,E_Low,E_Supp,a_High,a_Low,UCF_Low,A_High,A_Low,A_Supp,F_Low,F_High,F_Env,G_Low,G_High,G_Env,C_Low,C_High,C_Env,B_buyback_High,B_buyback_Low,B_buyback_Supp,B_onfarm_High,B_onfarm_Low,B_onfarm_Supp,B_offfarm_High,B_offfarm_Low,B_offfarm_Supp,D_High,D_Low,D_Supp,P,T_Irrig,T_Env,U
2001,NSW Border Rivers,655,1500,263218,120001,100%,45%,0.00,1500,118517,0,0,0,NA,87032,0,NA,135939,0,NA,0,0,0,0,0,0,0,0,0,0%,0%,0%,0,0,0,33774
2002,NSW Border Rivers,413,1500,263218,120001,100%,100%,0.00,1500,263218,0,0,0,NA,119900,0,NA,135150,0,NA,0,0,0,0,0,0,0,0,0,0%,0%,0%,0,0,0,264718
2003,NSW Border Rivers,426,1500,263218,120001,100%,100%,0.00,1500,263218,0,0,0,NA,1315,0,NA,15250,0,NA,0,0,0,0,0,0,0,0,0,0%,0%,0%,0,0,0,149814
2004,NSW Border Rivers,601,1500,263218,120001,100%,100%,0.00,1500,263218,0,0,0,NA,23927,0,NA,128840,0,NA,0,0,0,0,0,0,0,0,0,0%,0%,0%,0,0,0,242369
2005,NSW Border Rivers,505,1500,263218,120001,100%,100%,0.00,1500,263218,0,0,0,NA,8940,0,NA,127262,0,NA,0,0,0,0,0,0,0,0,0,0%,0%,0%,0,0,0,264981
2006,NSW Border Rivers,545,1500,263218,120001,100%,100%,0.00,1500,263218,0,0,0,NA,98602,0,NA,118059,0,NA,0,0,0,0,0,0,0,0,0,0%,0%,0%,0,0,0,264718
2007,NSW Border Rivers,312,1500,263218,120001,100%,100%,0.00,1500,263218,0,0,0,NA,10780,0,NA,19457,0,NA,0,0,0,0,0,0,0,0,0,0%,0%,0%,0,0,0,207398
2008,NSW Border Rivers,482,1500,263218,120001,100%,100%,0.00,1500,263218,0,0,0,NA,0,0,NA,65997,0,NA,0,0,0,0,0,0,0,0,0,0%,0%,0%,0,0,0,251834
2009,NSW Border Rivers,588,1500,263218,120001,100%,100%,0.00,1500,263218,0,0,0,NA,0,0,NA,78881,0,NA,0,0,0,0,0,0,0,0,0,0%,0%,0%,0,0,0,290472
2010,NSW Border Rivers,459,1500,263218,120001,100%,17%,0.00,1500,45272,37782,0,0,NA,0,1008,NA,53127,0,NA,0,0,0,0,0,0,0,0,0,0%,0%,0%,256,0,0,108311
2011,NSW Border Rivers,716,1500,263218,120001,100%,104%,0.00,1500,272860,94176,36118,0,NA,0,123,NA,28362,0,NA,0,0,0,0,269,0,0,0,0,0%,0%,0%,79,-23300,0,127814
2012,NSW Border Rivers,772,1500,263218,120001,100%,40%,0.00,1500,104440,62186,56099,0,NA,98,427,NA,209486,0,NA,0,0,0,0,2806,1437,0,0,0,0%,1%,1%,135,-26112,0,82211
2013,NSW Border Rivers,505,1500,263218,120001,100%,59%,0.00,1500,155884,39117,101912,0,NA,0,59,NA,211427,0,NA,0,0,0,0,2806,1437,0,0,0,0%,1%,1%,173,-22327,0,94600
2014,NSW Border Rivers,354,1500,263218,120001,100%,12%,0.00,1500,32299,7792,148,0,NA,0,50,NA,187734,0,NA,0,0,0,0,2806,1437,0,0,0,0%,1%,1%,206,-25578,0,166291
2015,NSW Border Rivers,537,1500,263218,120001,100%,10%,0.00,1500,25466,1843,291,0,NA,0,50,NA,35205,-9,NA,0,0,0,0,2806,1437,0,0,0,0%,1%,1%,234,-1102,0,37813
2016,NSW Border Rivers,417,1500,263218,120001,100%,31%,0.00,1500,82210,41117,188,0,NA,0,126,NA,24344,-1,NA,0,0,0,0,2806,1437,0,0,0,0%,1%,1%,256,-8761,0,88949
2017,NSW Border Rivers,636,1500,263218,120001,100%,105%,0.00,1500,277535,112469,65776,0,NA,0,69,NA,50053,0,NA,0,0,0,0,2806,1437,0,0,0,0%,1%,1%,142,-9893,0,154330
2018,NSW Border Rivers,399,1500,263218,120001,100%,23%,0.00,1500,59369,8902,13718,0,NA,0,53,NA,209585,0,NA,0,0,0,0,2806,1437,0,0,0,0%,1%,1%,200,0,0,123786
2019,NSW Border Rivers,326,1500,263218,120001,100%,33%,0.00,1500,86336,0,45,0,NA,0,46,NA,140469,0,NA,0,0,0,0,2806,1437,0,0,0,0%,1%,1%,412,0,0,222291
2020,NSW Border Rivers,389,1500,263218,120001,100%,0%,0.00,1500,0,0,2,0,NA,0,95,NA,3543,0,NA,0,0,0,0,2806,1437,0,0,0,0%,1%,1%,0,0,0,2100
2021,NSW Border Rivers,636,1500,263218,120001,100%,100%,0.00,1500,263218,0,2838,0,NA,0,0,NA,2838,0,NA,0,0,0,0,2806,1437,0,0,0,0%,1%,1%,250,0,0,237907
2001,NSW Gwydir,655,20200,509665,181397,100%,45%,0.00,20200,227311,0,0,0,NA,0,0,NA,582037,0,NA,0,0,0,0,0,0,0,0,0,0%,0%,0%,0,0,0,346386
2002,NSW Gwydir,311,20200,509665,181397,100%,29%,0.00,20200,146274,0,0,0,NA,0,0,NA,483162,0,NA,0,0,0,0,0,0,0,0,0,0%,0%,0%,0,0,0,369830
2003,NSW Gwydir,338,20200,509665,181397,100%,0%,0.00,20200,0,0,0,0,NA,0,0,NA,279806,0,NA,0,0,0,0,0,0,0,0,0,0%,0%,0%,0,0,0,297967
2004,NSW Gwydir,590,20200,509665,181397,100%,31%,0.00,20200,156467,0,0,0,NA,0,0,NA,2039,0,NA,0,0,0,0,0,0,0,0,0,0%,0%,0%,0,0,0,56929
2005,NSW Gwydir,539,20200,509665,181397,100%,5%,0.00,20220,23445,0,72,0,NA,0,0,NA,121777,0,NA,0,0,0,0,0,0,0,0,0,0%,0%,0%,354,0,0,36823
2006,NSW Gwydir,457,20200,509665,181397,100%,22%,0.00,20200,112126,0,83,0,NA,0,0,NA,128547,0,NA,0,0,0,0,0,0,0,0,0,0%,0%,0%,327,0,0,146576
2007,NSW Gwydir,327,20200,509665,181397,100%,0%,0.00,20220,0,434,89,0,NA,0,143,NA,114214,0,NA,0,0,0,0,0,0,0,0,0,0%,0%,0%,250,0,0,131236
2008,NSW Gwydir,497,20200,509665,181397,100%,24%,0.00,20220,124358,42725,59,0,NA,0,173,NA,3405,-4,NA,0,2916,0,0,0,0,0,0,0,0%,1%,0%,317,0,0,81782
2009,NSW Gwydir,586,20200,509665,181397,100%,0%,0.00,20220,0,0,37,0,NA,0,0,NA,108598,-16,NA,0,70538,16324,0,0,0,0,0,0,0%,14%,9%,326,0,0,83880
2010,NSW Gwydir,409,20200,509665,181397,100%,0%,0.00,20200,0,5526,168,404,NA,10,59,NA,34662,-4,NA,0,88520,19100,375,0,0,0,0,0,2%,17%,11%,317,0,0,49371
2011,NSW Gwydir,567,20200,509665,181397,100%,83%,0.00,20200,422512,137440,947,10,NA,0,89,NA,4169,-11,NA,0,88520,19100,375,1005,0,0,0,0,2%,18%,11%,283,0,0,211288
2012,NSW Gwydir,882,20200,509665,181397,100%,99%,0.00,20200,502530,107204,209017,0,NA,0,8104,NA,342515,0,NA,0,88520,19100,4508,1005,1351,0,0,0,22%,18%,11%,235,0,0,3289
2013,NSW Gwydir,404,20200,509665,181397,100%,17%,0.00,20200,87153,116718,199655,0,NA,0,147,NA,758822,0,NA,0,88520,19100,4508,1005,1351,0,0,0,22%,18%,11%,106,0,0,196430
2014,NSW Gwydir,284,20200,509665,181397,100%,0%,0.00,20200,0,8123,20860,0,NA,0,1269,NA,552558,0,NA,0,88520,19100,4508,1005,1351,0,0,0,22%,18%,11%,267,0,10000,330089
2015,NSW Gwydir,444,20200,509665,181397,100%,0%,0.00,20200,0,5399,0,0,NA,0,15,NA,169987,0,NA,0,88520,19100,4508,1005,1351,0,0,0,22%,18%,11%,262,0,0,126234
2016,NSW Gwydir,368,20200,509665,181397,100%,5%,0.00,20200,27012,29227,0,0,NA,0,12,NA,41688,0,NA,0,88520,19100,4508,1005,1351,0,0,0,22%,18%,11%,293,0,0,67733
2017,NSW Gwydir,507,20200,509665,181397,100%,79%,0.00,20200,400087,177411,11,50,NA,0,0,NA,37031,-15,NA,0,88520,19100,4508,1005,1351,0,0,0,22%,18%,11%,304,0,0,282713
2018,NSW Gwydir,355,20200,509665,181397,100%,18%,0.00,20200,89701,8862,16,0,NA,0,1,NA,304089,-11,NA,0,88520,19100,4508,1005,1351,0,0,0,22%,18%,11%,257,0,6700,263751
2019,NSW Gwydir,242,20200,509665,181397,100%,0%,0.00,20200,0,0,0,0,NA,0,518,NA,110521,-9,NA,0,88520,19100,4508,1005,1351,0,0,0,22%,18%,11%,0,0,0,95355
2020,NSW Gwydir,426,20200,509665,181397,100%,2%,0.00,20200,11060,0,0,0,NA,0,73,NA,13387,-1,NA,0,88520,19100,4508,1005,1351,0,0,0,22%,18%,11%,0,0,0,13064
2021,NSW Gwydir,657,20200,509665,181397,100%,58%,0.00,20200,295606,0,0,0,NA,0,0,NA,27565,0,NA,0,88520,19100,4508,1005,1351,0,0,0,22%,18%,11%,219,0,0,43894
2001,NSW Lachlan,369,27680,592801,0,100%,84%,0.00,27680,497953,0,0,0,NA,0,0,NA,92974,0,NA,0,0,0,0,0,0,0,0,0,0%,0%,0%,0,0,0,618607
2002,NSW Lachlan,302,27680,592801,0,0%,0%,0.00,0,0,0,0,0,NA,0,0,NA,0,0,NA,0,0,0,0,0,0,0,0,0,0%,0%,0%,0,0,0,0
2003,NSW Lachlan,223,27680,592801,0,100%,3%,0.00,27680,17784,0,0,0,NA,0,0,NA,162705,0,NA,0,0,0,0,0,0,0,0,0,0%,0%,0%,0,0,0,202358
2004,NSW Lachlan,273,27680,592801,0,70%,0%,0.00,19376,0,0,0,0,NA,0,0,NA,5811,0,NA,0,0,0,0,0,0,0,0,0,0%,0%,0%,0,0,0,23130
2005,NSW Lachlan,279,27680,592801,0,30%,0%,0.00,8304,0,0,0,0,NA,0,0,NA,2106,-49,NA,0,0,0,0,0,0,0,0,0,0%,0%,0%,465,0,0,7767
2006,NSW Lachlan,309,27680,592801,0,100%,19%,0.00,27680,113225,0,35,0,NA,0,0,NA,2603,-9,NA,0,0,0,0,0,0,0,0,0,0%,0%,0%,128,0,0,85177
2007,NSW Lachlan,208,27680,592801,0,80%,0%,0.00,22144,0,0,375,0,NA,0,1160,NA,58290,-3,NA,0,0,0,0,0,0,0,0,0,0%,0%,0%,312,0,0,37854
2008,NSW Lachlan,329,27680,592801,0,30%,0%,0.00,8304,0,0,377,0,NA,0,329,NA,41252,-210,NA,300,7064,0,0,0,0,0,0,0,1%,1%,0%,451,0,0,13379
2009,NSW Lachlan,308,27680,592801,0,30%,0%,0.00,8276,0,0,1,0,NA,0,0,NA,35109,0,NA,690,77704,0,0,0,0,0,0,0,2%,13%,0%,479,0,0,9614
2010,NSW Lachlan,431,27680,592801,0,10%,0%,0.00,2768,0,0,5,0,NA,0,340,NA,33333,-1,NA,733,81671,0,0,1038,0,0,0,0,3%,14%,0%,556,0,0,2458
2011,NSW Lachlan,660,27680,592801,0,100%,117%,0.00,27680,693577,0,1602,0,NA,0,13093,NA,33224,-6,NA,733,81671,0,0,4952,0,0,0,0,3%,15%,0%,38,0,0,61871
2012,NSW Lachlan,670,27680,592801,0,100%,136%,0.00,27680,806209,0,402265,0,NA,0,10162,NA,669364,0,NA,733,81671,0,200,5252,0,0,0,0,3%,15%,0%,37,0,0,236227
2013,NSW Lachlan,228,27680,592801,0,100%,0%,0.00,27680,0,0,224867,0,NA,0,3366,NA,816327,0,NA,733,81671,0,200,5252,0,0,0,0,3%,15%,0%,36,0,0,116282
2014,NSW Lachlan,333,27680,592801,0,100%,0%,0.00,27680,0,0,40652,0,NA,0,2822,NA,482747,-16,NA,733,81671,0,200,5252,0,0,0,0,3%,15%,0%,81,0,0,149425
2015,NSW Lachlan,324,27680,592801,0,100%,0%,0.00,27680,0,0,15367,0,NA,0,743,NA,295123,0,NA,733,81671,0,200,5252,0,0,0,0,3%,15%,0%,135,0,0,116311
2016,NSW Lachlan,384,27680,592801,0,100%,25%,0.00,27680,148200,0,17398,0,NA,0,1441,NA,173962,0,NA,733,81671,0,200,5252,0,0,0,0,3%,15%,0%,161,0,0,131585
2017,NSW Lachlan,503,27680,592801,0,100%,108%,0.00,27680,642003,0,445903,1736,NA,0,5396,NA,180281,0,NA,733,81671,0,200,5252,0,0,0,0,3%,15%,0%,50,0,0,0
2018,NSW Lachlan,280,27680,592801,0,100%,2%,0.00,27680,11856,0,103618,0,NA,0,952,NA,638508,-25,NA,733,81671,0,200,5252,0,0,0,0,3%,15%,0%,112,0,0,177574
2019,NSW Lachlan,300,27680,592801,0,100%,0%,0.00,27680,0,0,21246,0,NA,0,2382,NA,368903,-5,NA,733,81671,0,200,5252,0,0,0,0,3%,15%,0%,311,0,0,188764
2020,NSW Lachlan,344,27680,592801,0,87%,0%,0.00,24082,0,0,75,0,NA,0,700,NA,155111,-12,NA,733,81671,0,200,5252,0,0,0,0,3%,15%,0%,476,0,0,70151
2021,NSW Lachlan,515,27680,592801,0,100%,70%,0.00,27680,414961,0,0,0,NA,0,0,NA,99323,-26,NA,733,81671,0,200,5252,0,0,0,0,3%,15%,0%,115,0,0,105072
2001,NSW Lower Darling,214,7633,78099,250000,100%,100%,0.00,7633,78099,0,0,0,NA,0,0,NA,0,0,NA,0,0,0,0,0,0,0,0,0,0%,0%,0%,24,20009,0,105741
2002,NSW Lower Darling,151,7633,78099,250000,100%,100%,0.00,7633,78099,0,0,0,NA,0,0,NA,0,0,NA,0,0,0,0,0,0,0,0,0,0%,0%,0%,64,7816,0,93548
2003,NSW Lower Darling,144,7633,78099,250000,100%,100%,0.00,7633,78099,0,0,0,NA,0,0,NA,0,0,NA,0,0,0,0,0,0,0,0,0,0%,0%,0%,30,0,0,85732
2004,NSW Lower Darling,161,7633,78099,250000,100%,30%,0.00,7633,23430,0,0,0,NA,0,0,NA,0,0,NA,0,0,0,0,0,0,0,0,0,0%,0%,0%,58,0,0,30971
2005,NSW Lower Darling,151,7633,78099,250000,100%,100%,0.00,7633,78099,0,0,0,NA,0,0,NA,92,0,NA,0,0,0,0,0,0,0,0,0,0%,0%,0%,42,-1139,0,72488
2006,NSW Lower Darling,228,7633,78099,250000,100%,100%,0.00,7633,78099,0,0,0,NA,0,0,NA,12197,0,NA,0,0,0,0,0,0,0,0,0,0%,0%,0%,71,0,0,89223
2007,NSW Lower Darling,197,7633,78099,250000,100%,0%,0.00,7633,0,0,0,0,NA,0,0,NA,8706,0,NA,0,0,0,0,0,0,0,0,0,0%,0%,0%,92,0,0,14505
2008,NSW Lower Darling,124,7633,78099,250000,100%,50%,0.00,7633,39050,0,0,0,NA,0,0,NA,1834,0,NA,0,0,0,0,0,0,0,0,0,0%,0%,0%,70,0,0,31024
2009,NSW Lower Darling,170,7633,78099,250000,100%,50%,0.00,7633,39050,0,1041,0,NA,0,607,NA,17496,-3,NA,0,0,0,0,0,0,0,0,0,0%,0%,0%,505,-27948,0,30227
2010,NSW Lower Darling,286,7633,78099,250000,100%,96%,0.00,7633,74741,0,0,0,NA,0,0,NA,4353,0,NA,0,492,0,0,0,0,0,0,0,0%,1%,0%,115,-67732,0,6729
2011,NSW Lower Darling,682,7633,78099,250000,100%,97%,0.00,7633,75756,0,0,0,NA,0,0,NA,11847,-5,NA,0,492,0,0,0,0,0,0,0,0%,1%,0%,43,37097,0,81713
2012,NSW Lower Darling,269,7633,78099,250000,100%,94%,0.00,7633,73233,0,0,0,NA,27462,1351,NA,50381,0,NA,0,492,0,138,1408,0,0,0,0,2%,2%,0%,38,19997,0,65153
2013,NSW Lower Darling,124,7633,78099,250000,100%,64%,0.00,7633,49983,0,0,0,NA,815,718,NA,56193,0,NA,0,795,0,138,1408,0,0,0,0,2%,3%,0%,38,47157,0,139077
2014,NSW Lower Darling,233,7633,78099,250000,100%,100%,0.00,7633,78099,0,0,0,NA,1052,993,NA,17760,0,NA,397,795,0,138,1408,0,0,0,0,7%,3%,0%,71,65715,0,121650
2015,NSW Lower Darling,187,7633,78099,250000,100%,100%,0.00,7633,78099,0,0,0,NA,26293,1400,NA,43602,0,NA,397,795,0,138,1408,0,0,0,0,7%,3%,0%,53,0,0,61467
2016,NSW Lower Darling,187,7633,78099,250000,80%,0%,0.00,6106,0,0,0,0,NA,12928,1626,NA,38121,0,NA,397,795,0,138,1408,0,0,0,0,7%,3%,0%,71,0,0,0
2017,NSW Lower Darling,309,7633,78099,250000,100%,100%,0.00,7633,78099,0,0,0,NA,2015,714,NA,37887,-38,NA,2937,20156,0,138,1408,0,0,0,0,40%,28%,0%,62,24868,0,63705
2018,NSW Lower Darling,168,7633,78099,250000,100%,100%,0.00,7633,78099,0,300,0,NA,617,390,NA,65997,0,NA,2937,20156,0,138,1408,0,0,0,0,40%,28%,0%,113,-3778,0,95352
2019,NSW Lower Darling,154,7633,78099,250000,100%,0%,0.00,7633,0,0,0,0,NA,0,1001,NA,12213,-1,NA,2937,20156,0,138,1408,0,0,0,0,40%,28%,0%,100,0,0,2358
2020,NSW Lower Darling,126,7633,78099,250000,100%,30%,0.00,7633,23430,0,0,0,NA,1408,5141,NA,14443,-21,NA,2937,20156,0,138,1408,0,0,0,0,40%,28%,0%,100,0,0,593
2021,NSW Lower Darling,205,7633,78099,250000,100%,100%,0.00,7633,78099,0,37685,0,NA,0,0,NA,37685,-1,NA,2937,20156,0,138,1408,0,0,0,0,40%,28%,0%,58,0,0,59968
2001,NSW Macquarie-Castlereagh,489,13828,632466,49998,100%,100%,0.00,13828,632466,0,0,0,NA,0,0,NA,514021,0,NA,0,0,0,0,0,0,0,0,0,0%,0%,0%,0,0,0,816084
2002,NSW Macquarie-Castlereagh,399,13828,632466,49998,100%,90%,0.00,13828,569219,0,0,0,NA,0,0,NA,344231,0,NA,0,0,0,0,0,0,0,0,0,0%,0%,0%,0,0,0,539271
2003,NSW Macquarie-Castlereagh,302,13828,632466,49998,100%,0%,0.00,13828,0,0,0,0,NA,0,0,NA,388008,0,NA,0,0,0,0,0,0,0,0,0,0%,0%,0%,0,0,0,357351
2004,NSW Macquarie-Castlereagh,398,13828,632466,49998,100%,19%,0.00,13828,120169,0,0,0,NA,0,0,NA,44485,0,NA,0,0,0,0,0,0,0,0,0,0%,0%,0%,0,0,0,147271
2005,NSW Macquarie-Castlereagh,317,13828,632466,49998,0%,9%,0.00,0,56922,0,0,0,NA,0,0,NA,31211,0,NA,0,0,0,0,0,0,0,0,0,0%,0%,0%,254,0,0,30403
2006,NSW Macquarie-Castlereagh,382,13828,632466,49998,100%,44%,0.00,13828,278896,0,0,0,NA,0,0,NA,57787,-57,NA,0,0,0,0,0,0,0,0,0,0%,0%,0%,153,0,0,152432
2007,NSW Macquarie-Castlereagh,306,13828,632466,49998,0%,0%,0.00,0,0,4792,29766,71,NA,66,424,NA,198022,0,NA,0,0,0,0,0,0,0,0,0,0%,0%,0%,210,0,0,146605
2008,NSW Macquarie-Castlereagh,471,13828,632466,49998,100%,5%,0.00,13828,31644,1038,504,0,NA,16,2046,NA,25882,0,NA,0,724,0,0,0,0,0,0,0,0%,0%,0%,488,0,0,17193
2009,NSW Macquarie-Castlereagh,484,13828,632466,49998,100%,10%,0.00,13828,63247,0,1012,1,NA,110,2432,NA,52679,-50,NA,0,48833,1888,0,0,0,0,0,0,0%,8%,4%,207,0,0,43854
2010,NSW Macquarie-Castlereagh,580,13828,632466,49998,100%,0%,0.00,13828,0,11610,0,0,NA,477,3061,NA,79580,-5,NA,0,57631,1888,0,0,0,0,0,0,0%,9%,4%,202,0,0,56337
2011,NSW Macquarie-Castlereagh,687,13828,632466,49998,123%,99%,0.00,17065,626958,38033,0,0,NA,5368,3574,NA,41253,-2,NA,0,57631,1888,0,0,0,0,42648,4404,0%,9%,4%,36,0,0,180068
2012,NSW Macquarie-Castlereagh,718,13828,632466,49998,80%,66%,0.00,11014,415224,1504,2625,1,NA,6042,6928,NA,519830,0,NA,0,57631,1888,0,6919,0,0,61674,6404,0%,10%,4%,61,0,0,249668
2013,NSW Macquarie-Castlereagh,265,13828,632466,49998,100%,64%,0.00,13828,404778,2293,7426,0,NA,4128,711,NA,654502,0,NA,0,57631,1888,0,6919,0,0,61674,6404,0%,10%,4%,96,0,0,681681
2014,NSW Macquarie-Castlereagh,374,13828,632466,49998,100%,6%,0.00,13828,37948,0,7721,0,NA,186,1946,NA,305665,-32,NA,0,57631,1888,0,6919,0,0,61674,6404,0%,10%,4%,215,0,0,227325
2015,NSW Macquarie-Castlereagh,403,13828,632466,49998,100%,2%,0.00,13828,13262,0,328,0,NA,1,206,NA,95742,-1,NA,0,57631,1888,0,6919,0,0,61674,6404,0%,10%,4%,267,0,0,69249
2016,NSW Macquarie-Castlereagh,410,13828,632466,49998,100%,7%,0.00,13828,44273,24405,720,0,NA,68,1382,NA,46724,0,NA,0,57631,1888,0,6919,0,0,61674,6404,0%,10%,4%,320,0,0,85198
2017,NSW Macquarie-Castlereagh,525,13828,632466,49998,71%,99%,0.00,9757,623434,35042,0,0,NA,1546,2506,NA,35340,-1,NA,0,57631,1888,0,6919,0,0,61674,6404,0%,10%,4%,104,0,0,204920
2018,NSW Macquarie-Castlereagh,307,13828,632466,49998,100%,38%,0.00,13828,240337,0,11416,0,NA,2176,415,NA,474643,0,NA,0,57631,1888,0,6919,0,0,61674,6404,0%,10%,4%,229,0,0,359078
2019,NSW Macquarie-Castlereagh,344,13828,632466,49998,100%,0%,0.00,13828,0,0,155587,1,NA,14,335,NA,316434,0,NA,0,57631,1888,0,6919,0,0,61674,6404,0%,10%,4%,452,0,0,66061
2020,NSW Macquarie-Castlereagh,427,13828,632466,49998,100%,0%,0.00,13828,0,0,0,0,NA,32,2435,NA,102292,-2,NA,0,57631,1888,0,6919,0,0,61674,6404,0%,10%,4%,623,0,0,9283
2021,NSW Macquarie-Castlereagh,606,13828,632466,49998,100%,68%,0.00,13828,430077,0,0,0,NA,0,0,NA,104607,0,NA,0,57631,1888,0,6919,0,0,61674,6404,0%,10%,4%,179,0,0,124175
2001,NSW Murray Above,354,26723,1300346,196424,100%,85%,0.00,26723,1105294,0,0,0,NA,0,0,NA,194714,0,NA,0,0,0,0,0,0,0,0,0,0%,0%,0%,24,2349,0,1069461
2002,NSW Murray Above,267,26723,1300346,196424,100%,85%,0.00,26723,1105294,0,0,0,NA,103848,0,NA,259619,0,NA,0,0,0,0,0,0,0,0,0,0%,0%,0%,64,-23317,0,1108700
2003,NSW Murray Above,188,26723,1300346,196424,100%,10%,0.00,26723,130035,0,0,0,NA,0,0,NA,155771,0,NA,0,0,0,0,0,0,0,0,0,0%,0%,0%,310,28063,0,275687
2004,NSW Murray Above,308,26723,1300346,196424,100%,55%,0.00,26723,715190,0,0,0,NA,0,0,NA,64905,0,NA,0,0,0,0,0,0,0,0,0,0%,0%,0%,138,30273,0,641047
2005,NSW Murray Above,381,26723,1300346,196424,97%,49%,0.00,25948,637170,0,0,0,NA,0,0,NA,196044,0,NA,0,0,0,0,0,0,0,0,0,0%,0%,0%,112,2104,0,501012
2006,NSW Murray Above,318,26723,1300346,196424,97%,63%,0.00,25948,819218,0,0,0,NA,0,0,NA,360275,-22,NA,0,0,0,0,0,0,0,0,0,0%,0%,0%,78,2057,0,794152
2007,NSW Murray Above,220,26723,1300346,196424,65%,0%,0.00,17397,0,181,114603,8051,NA,18,0,NA,413325,-1,NA,0,0,0,0,0,0,0,0,0,0%,0%,0%,388,36205,0,321254
2008,NSW Murray Above,234,26723,1300346,196424,60%,0%,0.00,16007,0,19,215,9,NA,0,0,NA,23203,-21,NA,0,1780,0,0,0,0,0,0,0,0%,0%,0%,881,-13614,0,0
2009,NSW Murray Above,226,26723,1300346,196424,94%,10%,0.00,25013,124833,0,130,3083,NA,0,0,NA,99466,4250,NA,0,16500,0,0,0,0,0,0,0,0%,1%,0%,457,-104753,0,8450
2010,NSW Murray Above,436,26723,1300346,196424,97%,28%,0.00,25921,367998,0,0,2286,NA,847,-9,NA,133152,2839,NA,0,151954,0,0,0,0,0,0,0,0%,12%,0%,246,-68442,0,60723
2011,NSW Murray Above,655,26723,1300346,196424,90%,72%,-459.99,23944,929747,108043,339,3,NA,9873,282,NA,380905,2763,NA,0,170150,0,0,15894,116,0,0,0,0%,14%,0%,34,-65602,0,416055
2012,NSW Murray Above,448,26723,1300346,196424,55%,42%,0.00,14617,544845,109893,3550,192,NA,69616,7699,NA,880690,12046,NA,0,199556,0,0,32024,116,0,0,0,0%,18%,0%,22,45032,0,799389
2013,NSW Murray Above,201,26723,1300346,196424,100%,65%,0.00,26723,840024,108773,39,0,NA,16922,2210,NA,591048,-20,NA,0,200771,0,0,32124,116,0,35613,0,0%,18%,0%,48,84416,0,1244944
2014,NSW Murray Above,323,26723,1300346,196424,100%,96%,0.23,26723,1244636,106621,0,0,NA,14054,2114,NA,162689,-37,NA,0,200771,0,0,32703,116,0,35613,0,0%,18%,0%,75,-101106,0,852731
2015,NSW Murray Above,265,26723,1300346,196424,97%,61%,690.11,25921,793211,9213,0,0,NA,7203,1374,NA,390555,-26,NA,0,200771,0,0,40643,116,0,35613,0,0%,19%,0%,124,30487,0,698388
2016,NSW Murray Above,307,26723,1300346,196424,97%,23%,0.00,25921,299080,0,0,0,NA,2346,861,NA,398528,-19,NA,0,200771,0,0,47506,116,0,35613,0,0%,19%,0%,245,-22235,0,279965
2017,NSW Murray Above,409,26723,1300346,196424,100%,83%,0.00,26723,1079287,106598,0,0,NA,31826,1782,NA,352767,-57,NA,0,200771,0,0,64618,116,0,35613,0,0%,20%,0%,70,-76896,0,716954
2018,NSW Murray Above,268,26723,1300346,196424,97%,49%,0.00,25921,637170,0,0,0,NA,3982,947,NA,567974,-32,NA,0,200771,0,0,67260,116,0,35613,0,0%,21%,0%,125,38366,0,681634
2019,NSW Murray Above,220,26723,1300346,196424,97%,0%,0.00,25921,0,0,0,0,NA,215,747,NA,422413,-95,NA,0,200771,0,0,67260,116,0,35613,0,0%,21%,0%,436,76063,0,242856
2020,NSW Murray Above,291,26723,1300346,196424,97%,3%,1665.78,25921,39010,1937,0,0,NA,747,512,NA,243880,-152,NA,0,200771,0,0,67260,116,0,35613,0,0%,21%,0%,523,18932,0,45318
2021,NSW Murray Above,301,26723,1300346,196424,97%,50%,0.00,25921,650173,0,0,0,NA,0,0,NA,284798,23,NA,0,200771,0,0,67260,116,0,35613,0,0%,21%,0%,131,0,0,314861
2001,NSW Murray Below,308,164914,371751,56155,100%,85%,0.00,164914,315988,0,0,0,NA,0,0,NA,55666,0,NA,0,0,0,0,0,0,0,0,0,0%,0%,0%,24,672,0,463019
2002,NSW Murray Below,206,164914,371751,56155,100%,85%,0.00,164914,315988,0,0,0,NA,29689,0,NA,74222,0,NA,0,0,0,0,0,0,0,0,0,0%,0%,0%,64,-6666,0,474236
2003,NSW Murray Below,161,164914,371751,56155,100%,10%,0.00,164914,37175,0,0,0,NA,0,0,NA,44533,0,NA,0,0,0,0,0,0,0,0,0,0%,0%,0%,310,8023,0,236090
2004,NSW Murray Below,247,164914,371751,56155,100%,55%,0.00,164914,204463,0,0,0,NA,0,0,NA,18555,0,NA,0,0,0,0,0,0,0,0,0,0%,0%,0%,138,8654,0,340540
2005,NSW Murray Below,346,164914,371751,56155,97%,49%,0.00,160131,182158,0,0,0,NA,0,0,NA,56046,0,NA,0,0,0,0,0,0,0,0,0,0%,0%,0%,110,601,0,296075
2006,NSW Murray Below,285,164914,371751,56155,97%,63%,0.00,160131,234203,0,0,0,NA,0,0,NA,102998,-136,NA,0,0,0,0,0,0,0,0,0,0%,0%,0%,71,588,0,379628
2007,NSW Murray Below,217,164914,371751,56155,65%,0%,0.00,107359,0,52,32763,49682,NA,5,0,NA,118164,-7,NA,0,0,0,0,0,0,0,0,0,0%,0%,0%,421,10351,0,146963
2008,NSW Murray Below,175,164914,371751,56155,60%,0%,0.00,98783,0,6,61,55,NA,0,0,NA,6633,-128,NA,0,2133,0,0,0,0,0,0,0,0%,1%,0%,791,-3892,0,46749
2009,NSW Murray Below,211,164914,371751,56155,94%,10%,0.00,154360,35688,0,37,19025,NA,0,0,NA,28436,26226,NA,66,13625,0,0,0,0,0,0,0,0%,4%,0%,457,-29948,0,139103
2010,NSW Murray Below,393,164914,371751,56155,97%,28%,0.00,159967,105206,0,0,14109,NA,242,-54,NA,38066,17519,NA,386,32662,0,0,0,0,0,0,0,0%,9%,0%,246,-19567,0,157605
2011,NSW Murray Below,607,164914,371751,56155,90%,72%,-131.51,147763,265802,30888,97,18,NA,2822,1741,NA,108896,17051,NA,1312,40243,0,0,2824,95,0,0,0,1%,12%,0%,34,-18755,0,206074
2012,NSW Murray Below,359,164914,371751,56155,55%,42%,0.00,90208,155764,31417,1015,1186,NA,19902,47512,NA,251777,74339,NA,8265,47652,0,2109,7339,95,0,0,0,6%,15%,0%,27,12874,0,338367
2013,NSW Murray Below,160,164914,371751,56155,100%,65%,0.00,164914,240151,31097,11,0,NA,4838,13636,NA,168972,-121,NA,12017,51893,0,2109,7339,95,0,0,0,9%,16%,0%,38,24133,0,494359
2014,NSW Murray Below,292,164914,371751,56155,100%,96%,0.07,164914,355824,30481,0,0,NA,4018,13046,NA,46510,-231,NA,15069,52502,0,2333,7493,95,0,0,0,11%,16%,0%,75,-28905,0,377705
2015,NSW Murray Below,176,164914,371751,56155,97%,61%,197.29,159967,226768,2634,0,0,NA,2059,8479,NA,111655,-162,NA,15069,52502,0,2553,9413,95,0,0,0,11%,17%,0%,124,8716,0,332153
2016,NSW Murray Below,232,164914,371751,56155,97%,23%,0.00,159967,85503,0,0,0,NA,671,5310,NA,113934,-115,NA,15069,52502,0,2553,11143,95,182,0,0,11%,17%,0%,246,-6357,0,213134
2017,NSW Murray Below,378,164914,371751,56155,100%,83%,0.00,164914,308553,30475,0,0,NA,9099,10998,NA,100851,-349,NA,15069,52502,0,2553,13483,95,182,0,0,11%,18%,0%,78,-21983,0,341470
2018,NSW Murray Below,250,164914,371751,56155,97%,49%,0.00,159967,182158,0,0,0,NA,1138,5847,NA,162376,-196,NA,15069,52502,0,2553,13483,95,182,0,0,11%,18%,0%,132,10968,0,332081
2019,NSW Murray Below,173,164914,371751,56155,97%,0%,0.00,159967,0,0,0,0,NA,62,4609,NA,120762,-583,NA,15069,52502,0,2553,13483,95,182,0,0,11%,18%,0%,440,21745,0,202749
2020,NSW Murray Below,245,164914,371751,56155,97%,3%,476.22,159967,11153,554,0,0,NA,214,3159,NA,69722,-938,NA,15069,52502,0,2553,13483,95,182,0,0,11%,18%,0%,671,5412,0,144819
2021,NSW Murray Below,238,164914,371751,56155,97%,50%,0.00,159967,185876,0,0,0,NA,0,0,NA,81420,142,NA,15069,52502,0,2553,13483,95,182,0,0,11%,18%,0%,170,0,0,228838
2001,NSW Murrumbidgee,348,359412,1891995,945780,100%,90%,0.00,359412,1702796,0,0,0,NA,0,0,NA,182694,0,NA,0,0,0,0,0,0,0,0,0,0%,0%,0%,24,-30177,0,1930534
2002,NSW Murrumbidgee,280,359412,1891995,945780,100%,72%,0.00,359412,1362236,0,0,0,NA,142095,0,NA,284191,0,NA,0,0,0,0,0,0,0,0,0,0%,0%,0%,64,31487,0,1753136
2003,NSW Murrumbidgee,187,359412,1891995,945780,100%,38%,0.00,359412,718958,0,0,0,NA,0,0,NA,142095,0,NA,0,0,0,0,0,0,0,0,0,0%,0%,0%,310,-14489,0,1124779
2004,NSW Murrumbidgee,294,359412,1891995,945780,95%,41%,0.00,341441,775718,0,0,0,NA,0,0,NA,81197,0,NA,0,0,0,0,0,0,0,0,0,0%,0%,0%,156,-34708,0,928295
2005,NSW Murrumbidgee,280,359412,1891995,945780,95%,40%,0.00,341441,756798,0,0,0,NA,0,0,NA,235349,5,NA,0,0,0,0,0,0,0,0,0,0%,0%,0%,124,8026,0,1181593
2006,NSW Murrumbidgee,300,359412,1891995,945780,95%,54%,187302.00,341441,1021677,88931,51730,11860,NA,0,0,NA,160109,-83,NA,0,0,0,0,0,0,0,0,0,0%,0%,0%,53,-5896,0,1459606
2007,NSW Murrumbidgee,204,359412,1891995,945780,90%,15%,0.00,323471,283799,0,91825,13916,NA,0,0,NA,270308,-22,NA,0,0,0,0,0,0,0,0,0,0%,0%,0%,334,-96788,0,571750
2008,NSW Murrumbidgee,271,359412,1891995,945780,100%,21%,0.00,359412,387859,0,13,0,NA,1,1,NA,50421,52856,NA,0,0,0,0,0,0,0,0,0,0%,0%,0%,778,-139096,0,487851
2009,NSW Murrumbidgee,222,359412,1891995,945780,95%,21%,0.00,341082,397319,1649,24,0,NA,0,0,NA,205044,18542,NA,0,47806,20820,0,0,0,0,0,0,0%,3%,2%,458,-390147,0,342387
2010,NSW Murrumbidgee,375,359412,1891995,945780,95%,27%,21916.30,341441,510839,23552,13419,2356,NA,0,0,NA,221826,-398,NA,103,75074,20820,0,0,0,0,0,0,0%,4%,2%,224,-111185,0,498565
2011,NSW Murrumbidgee,698,359412,1891995,945780,100%,75%,0.00,357974,1418996,167762,9731,22,NA,686770,13637,NA,481574,1161,NA,103,128441,20820,125,8000,0,389,7579,0,0%,7%,2%,33,-61485,0,1100740
2012,NSW Murrumbidgee,482,359412,1891995,945780,100%,74%,338.30,359412,1403860,139786,535,0,NA,382103,10023,NA,500444,-16,NA,3736,183432,20820,6056,8895,0,389,7579,0,3%,10%,2%,19,5973,0,1390134
2013,NSW Murrumbidgee,217,359412,1891995,945780,100%,73%,0.00,359412,1381156,250260,0,0,NA,48550,6116,NA,511706,0,NA,4515,186699,20820,6056,8895,0,2154,33863,0,3%,10%,2%,48,-3003,0,1933242
2014,NSW Murrumbidgee,294,359412,1891995,945780,95%,63%,40547.30,341441,1191957,106477,0,0,NA,26588,4107,NA,340254,-21,NA,4515,198223,20820,6765,24052,0,2154,33863,381000,3%,12%,2%,76,-65110,0,1303282
2015,NSW Murrumbidgee,254,359412,1891995,945780,95%,53%,28014.40,341441,1002757,151041,0,0,NA,9854,1348,NA,483845,-12,NA,4515,198223,20820,6765,26473,0,2154,33863,381000,3%,12%,2%,119,-31101,0,1386625
2016,NSW Murrumbidgee,341,359412,1891995,945780,95%,37%,78930.80,341441,700038,156629,0,0,NA,5570,2334,NA,437402,-3,NA,4515,198223,20820,7169,42035,0,2154,35623,382166,3%,13%,2%,215,-207314,0,1008690
2017,NSW Murrumbidgee,424,359412,1891995,945780,100%,81%,839.00,359412,1532516,166700,0,0,NA,169259,11883,NA,369186,-2,NA,4515,198223,32937,7675,52190,0,2154,35623,382166,3%,13%,3%,48,-47350,0,1511621
2018,NSW Murrumbidgee,291,359412,1891995,945780,95%,45%,20574.60,341441,851398,50318,0,0,NA,5813,1368,NA,509366,-424,NA,4515,198223,32937,7675,52620,0,2154,35623,382166,3%,13%,3%,145,99111,0,1323720
2019,NSW Murrumbidgee,248,359412,1891995,945780,95%,7%,0.00,341441,132440,0,0,0,NA,623,1168,NA,398015,-2,NA,4515,198223,32937,7675,52620,0,2154,35623,382166,3%,13%,3%,458,-42405,0,614444
2020,NSW Murrumbidgee,304,359412,1891995,945780,95%,11%,16602.00,341441,208119,11844,0,0,NA,799,1356,NA,151721,-143,NA,4515,198223,32937,7675,52620,0,2154,35623,382166,3%,13%,3%,581,-132859,0,230599
2021,NSW Murrumbidgee,363,359412,1891995,945780,100%,100%,0.00,359412,1891995,0,348424,0,NA,0,0,NA,348424,-3,NA,4515,198223,32937,7675,52620,0,2154,35623,382166,3%,13%,3%,95,0,0,1635383
2001,NSW Namoi,630,3498,256212,115479,200%,118%,0.00,6996,303355,0,0,0,NA,0,0,NA,333098,6363,NA,0,0,0,0,0,0,0,0,0,0%,0%,0%,0,0,0,222475
2002,NSW Namoi,383,3498,256212,115479,200%,52%,0.00,6996,132205,0,0,0,NA,0,0,NA,421429,5908,NA,0,0,0,0,0,0,0,0,0,0%,0%,0%,0,0,0,288616
2003,NSW Namoi,379,3498,256212,115479,200%,0%,0.00,6996,0,0,0,0,NA,0,0,NA,275746,2176,NA,0,0,0,0,0,0,0,0,0,0%,0%,0%,0,0,0,260263
2004,NSW Namoi,582,3498,256212,115479,200%,47%,0.00,6996,119139,0,0,0,NA,0,0,NA,24323,332,NA,0,0,0,0,0,0,0,0,0,0%,0%,0%,0,0,0,35457
2005,NSW Namoi,539,3498,256212,115479,100%,17%,0.00,3498,44735,0,995,0,NA,0,0,NA,115333,0,NA,0,0,0,0,0,0,0,0,0,0%,0%,0%,133,0,0,64477
2006,NSW Namoi,475,3498,256212,115479,100%,34%,0.00,3498,85897,0,1542,0,NA,0,0,NA,98105,-11,NA,0,0,0,0,0,0,0,0,0,0%,0%,0%,127,0,0,124452
2007,NSW Namoi,352,3498,256212,115479,100%,4%,0.00,3498,9736,0,1415,0,NA,1883,209,NA,61516,-21,NA,0,0,0,0,0,0,0,0,0,0%,0%,0%,159,0,0,62960
2008,NSW Namoi,514,3498,256212,115479,100%,15%,611.00,3498,38387,28691,1078,0,NA,1359,221,NA,8268,-6,NA,0,0,0,0,0,0,0,0,0,0%,0%,0%,121,0,0,48022
2009,NSW Namoi,612,3498,256212,115479,100%,25%,0.00,3498,63281,0,1263,0,NA,1452,189,NA,28770,0,NA,0,4805,0,0,0,0,0,0,0,0%,2%,0%,118,0,0,30028
2010,NSW Namoi,565,3498,256212,115479,100%,2%,0.00,3498,6346,39786,831,3,NA,426,176,NA,62107,0,NA,0,6203,0,0,0,0,0,0,0,0%,2%,0%,184,0,0,71956
2011,NSW Namoi,657,3498,256212,115479,100%,109%,0.00,3498,279135,86803,16162,0,NA,467,195,NA,37630,0,NA,0,6203,0,0,0,0,0,0,0,0%,2%,0%,135,0,0,133758
2012,NSW Namoi,785,3498,256212,115479,100%,104%,0.00,3498,266036,59857,206485,0,NA,1746,230,NA,255400,0,NA,0,6203,0,0,7450,0,0,0,0,0%,5%,0%,132,0,0,0
2013,NSW Namoi,373,3498,256212,115479,100%,33%,0.00,3498,83652,46463,213944,0,NA,332,203,NA,450985,0,NA,0,6203,0,0,7450,0,0,0,0,0%,5%,0%,121,0,0,63227
2014,NSW Namoi,331,3498,256212,115479,100%,10%,0.00,3498,25006,17374,34697,0,NA,133,420,NA,306134,0,NA,0,6203,0,0,7450,0,0,0,0,0%,5%,0%,145,0,0,226529
2015,NSW Namoi,439,3498,256212,115479,100%,4%,0.00,3498,9666,0,2589,0,NA,286,406,NA,78634,0,NA,0,6203,0,0,7450,0,0,0,0,0%,5%,0%,239,0,0,59197
2016,NSW Namoi,412,3498,256212,115479,100%,2%,229.40,3498,5805,18338,1755,0,NA,228,208,NA,26162,0,NA,0,6203,0,0,7450,0,0,0,0,0%,5%,0%,218,0,0,32790
2017,NSW Namoi,563,3498,256212,115479,100%,122%,0.00,3498,313380,74929,16963,0,NA,164,200,NA,18423,0,NA,0,6203,0,0,7450,0,0,0,0,0%,5%,0%,139,0,0,190518
2018,NSW Namoi,313,3498,256212,115479,100%,11%,0.00,3498,27481,0,30439,0,NA,123,192,NA,196064,0,NA,0,6203,0,0,7450,0,0,0,0,0%,5%,0%,238,0,0,140480
2019,NSW Namoi,356,3498,256212,115479,100%,100%,0.00,3498,256212,0,6815,0,NA,443,922,NA,48087,0,NA,0,6203,0,0,7450,0,0,0,0,0%,5%,0%,245,0,0,269452
2020,NSW Namoi,463,3498,256212,115479,100%,50%,0.00,3498,128106,0,0,0,NA,390,1158,NA,15144,0,NA,0,6203,0,0,7450,0,0,0,0,0%,5%,0%,265,0,0,119145
2021,NSW Namoi,653,3498,256212,115479,100%,100%,0.00,3498,256212,0,19480,0,NA,0,0,NA,19480,0,NA,0,6203,0,0,7450,0,0,0,0,0%,5%,0%,208,0,0,38834
2001,SA Murray,216,564496,0,0,100%,0%,0.00,564496,0,0,0,0,NA,0,0,NA,0,0,NA,0,0,0,0,0,0,0,0,0,0%,0%,0%,24,3255,0,567751
2002,SA Murray,212,564496,0,0,100%,0%,0.00,564496,0,0,0,0,NA,0,0,NA,0,0,NA,0,0,0,0,0,0,0,0,0,0%,0%,0%,64,-7261,0,557235
2003,SA Murray,169,564496,0,0,100%,0%,0.00,564496,0,0,0,0,NA,0,0,NA,0,0,NA,0,0,0,0,0,0,0,0,0,0%,0%,0%,310,-9001,0,555495
2004,SA Murray,187,564496,0,0,95%,0%,0.00,536271,0,0,0,0,NA,0,0,NA,0,0,NA,0,0,0,0,0,0,0,0,0,0%,0%,0%,138,6010,0,542281
2005,SA Murray,216,564496,0,0,95%,0%,0.00,536271,0,0,0,0,NA,0,0,NA,0,0,NA,0,0,0,0,0,0,0,0,0,0%,0%,0%,102,-1630,0,534641
2006,SA Murray,294,564496,0,0,100%,0%,0.00,564496,0,0,0,0,NA,0,0,NA,0,0,NA,0,0,0,0,0,0,0,0,0,0%,0%,0%,69,-24290,0,540206
2007,SA Murray,202,564496,0,0,60%,0%,0.00,338698,0,0,0,0,NA,0,0,NA,0,0,NA,0,0,0,0,0,0,0,0,0,0%,0%,0%,483,40128,0,378826
2008,SA Murray,158,564496,0,0,32%,0%,0.00,180639,0,0,0,0,NA,0,0,NA,0,0,NA,290,0,0,0,0,0,0,0,0,0%,0%,0%,721,144375,0,324921
2009,SA Murray,171,564496,0,0,18%,0%,0.00,101609,0,0,0,0,NA,0,0,NA,0,0,NA,5894,0,0,0,0,0,0,0,0,1%,0%,0%,466,336263,0,436811
2010,SA Murray,307,564496,0,0,62%,0%,0.00,349988,0,0,0,0,NA,0,0,NA,0,0,NA,41162,0,0,0,0,0,0,0,0,7%,0%,0%,259,252535,0,404302
2011,SA Murray,524,564496,0,0,67%,0%,0.00,378212,0,0,0,0,NA,0,0,NA,0,186284,NA,70217,0,0,356,0,0,5814,0,0,13%,0%,0%,40,-162450,0,331473
2012,SA Murray,305,564496,0,0,100%,0%,0.00,564496,0,0,0,0,NA,0,0,NA,0,0,NA,94779,0,0,3050,0,0,8143,0,0,17%,0%,0%,25,-75460,0,391207
2013,SA Murray,145,564496,0,0,100%,0%,0.00,564496,0,0,0,0,NA,0,0,NA,0,0,NA,95933,0,0,3050,0,0,8243,0,0,18%,0%,0%,47,-7073,0,458440
2014,SA Murray,272,564496,0,0,100%,0%,0.00,564496,0,0,0,0,NA,0,0,NA,0,0,NA,95933,0,0,15295,0,0,8243,0,0,20%,0%,0%,79,-64568,0,388700
2015,SA Murray,190,564496,0,0,100%,0%,0.00,564496,0,0,0,0,NA,0,0,NA,0,0,NA,95933,0,0,30093,0,0,8243,0,0,22%,0%,0%,127,-58367,0,380103
2016,SA Murray,193,564496,0,0,100%,0%,0.00,564496,0,0,0,0,NA,0,0,NA,0,0,NA,99133,0,0,43725,0,0,8243,0,0,25%,0%,0%,254,13356,0,376386
2017,SA Murray,361,564496,0,0,100%,0%,0.00,564496,0,0,0,0,NA,0,0,NA,0,78465,NA,99133,0,0,45581,0,0,10263,0,0,26%,0%,0%,87,-86103,0,392029
2018,SA Murray,178,564496,0,0,100%,0%,0.00,564496,0,0,0,0,NA,0,0,NA,0,0,NA,99133,0,0,45581,0,0,10263,0,0,26%,0%,0%,134,8809,0,428591
2019,SA Murray,148,564496,0,0,100%,0%,0.00,564496,0,0,0,0,NA,0,0,NA,0,0,NA,99133,0,0,50592,0,0,10263,0,0,27%,0%,0%,437,34994,0,449765
2020,SA Murray,204,564496,0,0,100%,0%,0.00,564496,0,0,0,0,NA,0,0,NA,0,0,NA,99133,0,0,50592,0,0,10263,0,0,27%,0%,0%,638,-16384,0,398387
2021,SA Murray,185,564496,0,0,100%,0%,0.00,564496,0,0,0,0,NA,0,0,NA,0,0,NA,99133,0,0,50592,0,0,10263,0,0,27%,0%,0%,175,0,0,414771
2001,VIC Goulburn-Broken,428,1063852,459391,0,100%,0%,0.00,1063852,0,0,0,0,NA,0,0,NA,0,0,0,0,0,0,0,0,0,0,0,0,0%,0%,0%,52,8557,0,1072409
2002,VIC Goulburn-Broken,295,1063852,459391,0,100%,0%,0.00,1063852,0,0,0,0,NA,0,0,NA,0,0,0,0,0,0,0,0,0,0,0,0,0%,0%,0%,152,18151,0,1082003
2003,VIC Goulburn-Broken,260,1063852,459391,0,57%,0%,0.00,606396,0,0,0,0,NA,0,0,NA,0,0,0,0,0,0,0,0,0,0,0,0,0%,0%,0%,526,27547,0,633943
2004,VIC Goulburn-Broken,313,1063852,459391,0,100%,0%,0.00,1063852,0,0,0,0,NA,0,0,NA,0,0,0,0,0,0,0,0,0,0,0,0,0%,0%,0%,117,-27273,0,1036579
2005,VIC Goulburn-Broken,428,1063852,459391,0,100%,0%,0.00,1063852,0,0,0,0,NA,0,0,NA,0,0,0,0,0,0,0,0,0,0,0,0,0%,0%,0%,78,-26186,0,1037666
2006,VIC Goulburn-Broken,382,1063852,459391,0,100%,0%,0.00,1063852,0,0,0,0,NA,0,0,NA,0,0,0,0,0,0,0,0,0,0,0,0,0%,0%,0%,74,47244,0,1111096
2007,VIC Goulburn-Broken,241,1063852,459391,0,29%,0%,0.00,308517,0,0,0,0,NA,0,0,NA,0,0,0,0,0,0,0,0,0,0,0,0,0%,0%,0%,676,39580,0,323057
2008,VIC Goulburn-Broken,286,1063852,459391,0,56%,0%,0.00,595841,0,0,0,0,NA,0,0,NA,0,25040,0,693,370,0,0,0,0,0,0,0,0%,0%,0%,775,-66908,0,446871
2009,VIC Goulburn-Broken,276,1063852,459391,0,32%,0%,0.00,344960,0,0,0,0,NA,0,0,NA,0,106767,0,44422,4070,0,0,0,0,0,0,0,4%,1%,0%,496,172343,0,498642
2010,VIC Goulburn-Broken,468,1063852,459391,0,70%,0%,0.00,745469,0,0,0,56,NA,0,3238,NA,0,111210,0,99293,10511,0,0,0,0,0,0,0,9%,2%,0%,241,49000,0,473052
2011,VIC Goulburn-Broken,831,1063852,459391,0,100%,1%,0.00,1063852,3436,0,0,27479,NA,0,20437,NA,0,385681,0,153548,10553,0,4339,0,0,0,0,0,15%,2%,0%,38,-3941,0,271398
2012,VIC Goulburn-Broken,511,1063852,459391,0,100%,1%,0.00,1063852,3436,0,0,141938,NA,0,254665,NA,0,1082236,0,186628,10553,0,12558,0,0,96300,31894,0,19%,2%,0%,22,9813,0,629994
2013,VIC Goulburn-Broken,238,1063852,459391,0,100%,1%,0.00,1063852,3436,0,0,357740,NA,0,169240,NA,0,990569,0,186628,10553,0,13085,0,0,96300,31894,0,19%,2%,0%,48,-47156,0,827128
2014,VIC Goulburn-Broken,388,1063852,459391,0,100%,1%,0.00,1063852,3436,0,0,0,0,0,48852,6274,0,455233,86290,186874,10577,0,25369,0,0,96300,31894,0,20%,2%,0%,82,-32630,0,745194
2015,VIC Goulburn-Broken,266,1063852,459391,0,100%,1%,0.00,1063852,3436,0,0,0,0,0,27489,3918,0,463684,60177,187260,10577,0,34427,0,0,96300,31894,0,21%,2%,0%,128,-37392,0,943317
2016,VIC Goulburn-Broken,339,1063852,459391,0,89%,0%,0.00,945409,0,0,0,0,0,0,29948,7491,0,303121,58372,187260,10577,0,34427,0,0,96300,31894,0,21%,2%,0%,256,29066,22864,739772
2017,VIC Goulburn-Broken,531,1063852,459391,0,100%,1%,0.00,1060159,3345,0,0,0,0,0,54604,6083,0,390974,108121,187260,10577,0,34427,0,0,96300,31894,0,21%,2%,0%,80,78589,0,550060
2018,VIC Goulburn-Broken,359,1063852,459391,0,99%,1%,0.00,1056619,3345,0,0,0,0,0,35239,5056,0,729880,124509,187260,10577,0,34427,0,0,96300,31894,0,21%,2%,0%,108,-103786,0,969184
2019,VIC Goulburn-Broken,288,1063852,459391,0,99%,0%,0.00,1052748,0,0,0,15,0,0,36949,12010,0,439441,97516,187260,10577,0,34427,0,0,96300,31894,0,21%,2%,0%,430,-146974,20837,796205
2020,VIC Goulburn-Broken,399,1063852,459391,0,79%,0%,0.00,837334,0,0,0,0,0,0,29563,5587,0,420219,192215,187260,10577,0,34427,0,0,96300,31894,0,21%,2%,0%,509,-72002,0,438387
2021,VIC Goulburn-Broken,356,1063852,459391,0,100%,1%,0.00,1063852,3345,0,0,0,0,0,57313,11654,0,478799,122311,187260,10577,0,34427,0,0,96300,31894,0,21%,2%,0%,128,0,0,602358
2001,VIC Loddon-Campaspe,410,44857,27253,0,100%,63%,0.00,44857,17108,0,0,0,NA,0,0,NA,0,0,0,0,0,0,0,0,0,0,0,0,0%,0%,0%,52,-4229,0,57736
2002,VIC Loddon-Campaspe,302,44857,27253,0,100%,42%,0.00,44857,11405,0,0,0,NA,0,0,NA,0,0,0,0,0,0,0,0,0,0,0,0,0%,0%,0%,152,-6351,0,49911
2003,VIC Loddon-Campaspe,270,44857,27253,0,79%,0%,0.00,35659,0,0,0,0,NA,0,0,NA,0,0,0,0,0,0,0,0,0,0,0,0,0%,0%,0%,526,-21821,0,13838
2004,VIC Loddon-Campaspe,296,44857,27253,0,84%,0%,0.00,37798,0,0,0,0,NA,0,0,NA,0,0,0,0,0,0,0,0,0,0,0,0,0%,0%,0%,117,-1766,0,36032
2005,VIC Loddon-Campaspe,395,44857,27253,0,68%,0%,0.00,30543,0,0,0,0,NA,0,0,NA,0,0,0,0,0,0,0,0,0,0,0,0,0%,0%,0%,78,-2686,0,27857
2006,VIC Loddon-Campaspe,370,44857,27253,0,64%,0%,0.00,28666,0,0,0,0,NA,0,0,NA,0,0,0,0,0,0,0,0,0,0,0,0,0%,0%,0%,74,36763,0,65429
2007,VIC Loddon-Campaspe,288,44857,27253,0,0%,0%,0.00,0,0,0,0,0,NA,0,0,NA,0,0,0,0,0,0,0,0,0,0,0,0,0%,0%,0%,676,9179,0,9179
2008,VIC Loddon-Campaspe,257,44857,27253,0,12%,0%,0.00,5293,0,0,0,0,NA,0,0,NA,0,0,0,335,0,0,0,0,0,0,0,0,1%,0%,0%,775,-17722,0,0
2009,VIC Loddon-Campaspe,268,44857,27253,0,0%,0%,0.00,0,0,0,0,0,NA,0,0,NA,0,2300,0,3385,0,0,0,0,0,0,0,0,8%,0%,0%,419,2206,0,2206
2010,VIC Loddon-Campaspe,488,44857,27253,0,1%,0%,0.00,642,0,0,0,0,NA,0,368,NA,0,2306,0,6680,923,0,0,0,0,0,0,0,15%,3%,0%,291,-134,0,0
2011,VIC Loddon-Campaspe,893,44857,27253,0,100%,70%,0.00,44857,19171,0,0,0,NA,0,12206,NA,0,2821,0,8136,923,0,0,0,0,0,0,0,18%,3%,0%,33,0,0,1919
2012,VIC Loddon-Campaspe,450,44857,27253,0,100%,70%,0.00,44857,19171,0,0,28504,NA,0,13323,NA,0,55753,0,9184,923,0,138,0,0,0,0,0,21%,3%,0%,23,17449,0,39284
2013,VIC Loddon-Campaspe,223,44857,27253,0,100%,70%,0.00,44857,19171,0,0,21650,NA,0,9270,NA,0,54601,0,9184,923,0,138,0,0,0,0,0,21%,3%,0%,47,6164,0,53580
2014,VIC Loddon-Campaspe,357,44857,27253,0,100%,32%,0.00,44857,8819,0,0,0,0,0,6430,2352,0,32064,1768,9184,923,0,310,0,0,0,0,0,21%,3%,0%,83,82070,0,132147
2015,VIC Loddon-Campaspe,262,44857,27253,0,100%,0%,0.00,44857,0,0,0,0,0,0,2012,0,0,34854,14830,9184,923,0,797,0,0,0,0,0,22%,3%,0%,125,-10817,0,24412
2016,VIC Loddon-Campaspe,290,44857,27253,0,75%,0%,0.00,33456,0,0,0,0,0,0,2428,752,0,19659,2000,9184,923,0,797,0,0,0,0,0,22%,3%,0%,254,6111,0,33493
2017,VIC Loddon-Campaspe,566,44857,27253,0,79%,70%,0.00,35295,19171,0,0,21341,12255,0,5801,3293,0,30924,16311,9184,923,0,797,0,0,0,0,0,22%,3%,0%,84,-19582,0,7701
2018,VIC Loddon-Campaspe,333,44857,27253,0,79%,34%,0.00,35598,9396,0,0,0,0,0,2343,340,0,34162,12463,9184,923,0,797,0,0,0,0,0,22%,3%,0%,107,-27281,0,13888
2019,VIC Loddon-Campaspe,306,44857,27253,0,100%,0%,0.00,44857,0,0,0,0,0,0,2285,732,0,26514,11233,9184,923,0,797,0,0,0,0,0,22%,3%,0%,430,-15144,0,21182
2020,VIC Loddon-Campaspe,390,44857,27253,0,80%,0%,0.00,35886,0,0,0,0,0,0,1686,273,0,28197,15919,9184,923,0,797,0,0,0,0,0,22%,3%,0%,508,-11827,0,12018
2021,VIC Loddon-Campaspe,387,44857,27253,0,100%,0%,0.00,44857,0,0,0,0,0,0,2491,179,0,22202,7281,9184,923,0,797,0,0,0,0,0,22%,3%,0%,127,0,0,29394
2001,VIC Murray Above,526,392854,98346,0,100%,100%,0.00,392854,98346,0,0,0,NA,0,0,NA,0,0,0,0,0,0,0,0,0,0,0,0,0%,0%,0%,24,-275,0,490925
2002,VIC Murray Above,423,392854,98346,0,100%,100%,0.00,392854,98346,0,0,0,NA,0,0,NA,0,0,0,0,0,0,0,0,0,0,0,0,0%,0%,0%,64,-8748,0,482452
2003,VIC Murray Above,258,392854,98346,0,100%,29%,0.00,392854,28520,0,0,0,NA,0,0,NA,0,0,0,0,0,0,0,0,0,0,0,0,0%,0%,0%,310,-11204,0,410170
2004,VIC Murray Above,457,392854,98346,0,100%,0%,0.00,392854,0,0,0,0,NA,0,0,NA,0,0,0,0,0,0,0,0,0,0,0,0,0%,0%,0%,138,8167,0,401021
2005,VIC Murray Above,503,392854,98346,0,100%,0%,0.00,392854,0,0,0,0,NA,0,0,NA,0,0,0,0,0,0,0,0,0,0,0,0,0%,0%,0%,102,13174,0,406028
2006,VIC Murray Above,467,392854,98346,0,100%,44%,0.00,392854,43272,0,0,0,NA,0,0,NA,0,0,0,0,0,0,0,0,0,0,0,0,0%,0%,0%,69,-35514,0,400612
2007,VIC Murray Above,270,392854,98346,0,95%,0%,0.00,373211,0,0,0,0,NA,0,0,NA,0,0,0,0,0,0,0,0,0,0,0,0,0%,0%,0%,483,-25195,0,315999
2008,VIC Murray Above,364,392854,98346,0,43%,0%,0.00,168927,0,0,0,0,NA,0,0,NA,0,32017,0,4908,125,0,0,0,0,0,0,0,1%,0%,0%,721,30299,0,175187
2009,VIC Murray Above,320,392854,98346,0,35%,0%,0.00,137499,0,0,0,0,NA,0,0,NA,0,54224,0,22105,2591,0,0,0,0,0,0,0,6%,3%,0%,495,13251,0,142466
2010,VIC Murray Above,550,392854,98346,0,100%,0%,0.00,392854,0,0,0,113,NA,0,10421,NA,0,54804,0,36870,5674,0,0,0,0,0,0,0,9%,6%,0%,243,-10881,0,241785
2011,VIC Murray Above,958,392854,98346,0,100%,0%,0.00,392854,0,0,0,289,NA,0,44005,NA,0,158288,0,46440,5674,0,1144,0,0,0,0,0,12%,6%,0%,42,86835,0,147934
2012,VIC Murray Above,698,392854,98346,0,100%,0%,0.00,392854,0,0,0,51963,NA,0,46926,NA,0,437328,0,57083,5674,0,3850,0,0,37071,9072,0,16%,6%,0%,23,-11260,0,230452
2013,VIC Murray Above,356,392854,98346,0,100%,0%,0.00,392854,0,0,0,33114,NA,0,29851,NA,0,445209,0,57083,5674,0,3850,0,0,37071,9072,0,16%,6%,0%,48,-33025,0,396207
2014,VIC Murray Above,479,392854,98346,0,100%,0%,0.00,392854,0,0,0,190349,34151.46185,0,8652,2275,0,267069,46454.54744,57518,5674,0,11807,0,0,37071,9072,0,18%,6%,0%,82,45456,0,337955
2015,VIC Murray Above,436,392854,98346,0,100%,0%,0.00,392854,0,0,0,14461,7354.330215,0,9763,3721,0,134097,45027.36174,57582,5674,0,14292,0,0,37071,9072,0,18%,6%,0%,129,31079,0,358907
2016,VIC Murray Above,483,392854,98346,0,99%,0%,0.00,388925,0,0,0,0,0,0,9783,2188,0,141583,72508.73455,57582,5674,0,14292,0,0,37071,9072,0,18%,6%,0%,255,59137,0,337019
2017,VIC Murray Above,578,392854,98346,0,100%,0%,0.00,392854,0,0,0,87382,28999.76963,0,10281,2913,0,145108,43740.93783,57582,5674,0,14292,0,0,37071,9072,0,18%,6%,0%,81,46855,0,293390
2018,VIC Murray Above,452,392854,98346,0,100%,0%,0.00,392854,0,0,0,28789,15723.02904,0,8076,2555,0,168492,58430.66169,57582,5674,0,14292,0,0,37071,9072,0,18%,6%,0%,127,-7073,0,341255
2019,VIC Murray Above,403,392854,98346,0,100%,0%,0.00,392854,0,0,0,0,0,0,15745,6092,0,152905,88777.76784,57582,5674,0,14292,0,0,37071,9072,0,18%,6%,0%,438,22636,0,325773
2020,VIC Murray Above,454,392854,98346,0,66%,0%,0.00,259284,0,0,0,0,0,0,10246,3125,0,182658,110342.0956,57582,5674,0,14292,0,0,37071,9072,0,18%,6%,0%,533,65877,0,235016
2021,VIC Murray Above,489,392854,98346,0,100%,0%,0.00,392854,0,0,0,0,0,0,19546,3289,0,169339,61436.84122,57582,5674,0,14292,0,0,37071,9072,0,18%,6%,0%,135,0,0,270841
2001,VIC Murray Below,274,851894,213261,0,100%,100%,0.00,851894,213261,0,0,0,NA,0,0,NA,0,0,0,0,0,0,0,0,0,0,0,0,0%,0%,0%,24,-597,0,1064558
2002,VIC Murray Below,182,851894,213261,0,100%,100%,0.00,851894,213261,0,0,0,NA,0,0,NA,0,0,0,0,0,0,0,0,0,0,0,0,0%,0%,0%,64,-18970,0,1046185
2003,VIC Murray Below,163,851894,213261,0,100%,29%,0.00,851894,61846,0,0,0,NA,0,0,NA,0,0,0,0,0,0,0,0,0,0,0,0,0%,0%,0%,310,-24296,0,889444
2004,VIC Murray Below,194,851894,213261,0,100%,0%,0.00,851894,0,0,0,0,NA,0,0,NA,0,0,0,0,0,0,0,0,0,0,0,0,0%,0%,0%,138,17711,0,869605
2005,VIC Murray Below,267,851894,213261,0,100%,0%,0.00,851894,0,0,0,0,NA,0,0,NA,0,0,0,0,0,0,0,0,0,0,0,0,0%,0%,0%,102,28568,0,880462
2006,VIC Murray Below,262,851894,213261,0,100%,44%,0.00,851894,93835,0,0,0,NA,0,194590,NA,0,0,0,0,0,0,0,0,0,0,0,0,0%,0%,0%,69,-77012,0,674127
2007,VIC Murray Below,208,851894,213261,0,95%,0%,0.00,809299,0,0,0,0,NA,0,0,NA,0,0,0,0,0,0,0,0,0,0,0,0,0%,0%,0%,483,-54635,0,685236
2008,VIC Murray Below,152,851894,213261,0,43%,0%,0.00,366314,0,0,0,0,NA,0,0,NA,0,69429,0,500,193,0,0,0,0,0,0,0,0%,0%,0%,721,65701,0,383675
2009,VIC Murray Below,184,851894,213261,0,35%,0%,0.00,298163,0,0,0,0,NA,0,0,NA,0,117582,0,24595,2863,0,0,0,0,0,0,0,3%,1%,0%,490,28733,0,317066
2010,VIC Murray Below,349,851894,213261,0,100%,0%,0.00,851894,0,0,0,245,NA,0,22599,NA,0,118840,0,73468,5451,0,0,0,0,0,0,0,9%,3%,0%,240,-23595,0,528907
2011,VIC Murray Below,663,851894,213261,0,100%,0%,0.00,851894,0,0,0,626,NA,0,95424,NA,0,343243,0,133826,5451,0,1035,0,0,0,0,0,16%,3%,0%,41,188299,0,315186
2012,VIC Murray Below,291,851894,213261,0,100%,0%,0.00,851894,0,0,0,112679,NA,0,101757,NA,0,948335,0,170958,5451,0,3200,0,0,62870,15216,0,20%,3%,0%,24,-24418,0,469124
2013,VIC Murray Below,140,851894,213261,0,100%,0%,0.00,851894,0,0,0,71808,NA,0,64731,NA,0,965424,0,171078,5451,0,4123,0,0,62870,15216,0,21%,3%,0%,48,-71614,0,803468
2014,VIC Murray Below,285,851894,213261,0,100%,0%,0.00,851894,0,0,0,412768,74056.53815,0,18763,4934,0,579131,100735.4526,171078,5451,0,8978,0,0,70239,15216,0,21%,3%,0%,82,98570,0,703119
2015,VIC Murray Below,164,851894,213261,0,100%,0%,0.00,851894,0,0,0,31357,15947.66978,0,21170,8070,0,290785,97640.63826,171078,5451,0,12045,0,0,70239,15216,0,21%,3%,0%,128,67395,0,751015
2016,VIC Murray Below,192,851894,213261,0,99%,0%,0.00,843375,0,0,0,0,0,0,21214,4744,0,307018,157233.2655,171078,5451,0,12045,0,0,70239,15216,0,21%,3%,0%,256,128237,0,703824
2017,VIC Murray Below,356,851894,213261,0,100%,0%,0.00,851894,0,0,0,189486,62885.23037,0,22294,6316,0,314662,94851.06217,171078,5451,0,12045,0,0,70239,15216,0,21%,3%,0%,85,101603,0,608941
2018,VIC Murray Below,222,851894,213261,0,100%,0%,0.00,851894,0,0,0,62427,34094.97096,0,17514,5540,0,365371,126705.3383,171078,5451,0,12045,0,0,70239,15216,0,21%,3%,0%,134,-15337,0,712736
2019,VIC Murray Below,155,851894,213261,0,100%,0%,0.00,851894,0,0,0,0,0,0,34144,13210,0,331569,192512.2322,171078,5451,0,12045,0,0,70239,15216,0,21%,3%,0%,441,49086,0,679166
2020,VIC Murray Below,202,851894,213261,0,66%,0%,0.00,562250,0,0,0,0,0,0,22218,6775,0,396089,239273.9044,171078,5451,0,12045,0,0,70239,15216,0,21%,3%,0%,668,142852,0,491631
2021,VIC Murray Below,210,851894,213261,0,100%,0%,0.00,851894,0,0,0,0,0,0,42386,7133,0,367206,133224.1588,171078,5451,0,12045,0,0,70239,15216,0,21%,3%,0%,173,0,0,560045
